dca_id,dca_name,dca_agent_id
1,Wilson-Zimmerman,39170eb0-18f1-4ee5-aaa5-14560bfbef8b
1,Wilson-Zimmerman,faed2693-65c1-40b3-88e1-0474ca702cd6
1,Wilson-Zimmerman,67c82655-6118-4325-bf57-2496d5eda6aa
1,Wilson-Zimmerman,df4dc144-e005-407d-b313-3cd51ea830c0
1,Wilson-Zimmerman,ffa78738-e657-4729-96e7-bbd2cabec335
1,Wilson-Zimmerman,966f1fbe-bf23-42a0-b59b-17eb02c4cac2
1,Wilson-Zimmerman,c9099f0c-62ea-413a-8f05-bb4b700370ed
1,Wilson-Zimmerman,70ef252e-da2a-432b-82aa-78f659a4de97
1,Wilson-Zimmerman,c025f835-aaf8-4804-a4e9-558e66babdda
1,Wilson-Zimmerman,1d97ac05-f92a-438f-b87b-ea6a8626965f
1,Wilson-Zimmerman,d3334ddd-1532-4c4a-a8a6-bcc9a1a05fa6
1,Wilson-Zimmerman,bb8ac3d2-d561-4d6d-a310-bec305b80928
1,Wilson-Zimmerman,816dd291-0206-49e5-aa94-bedeefa05493
1,Wilson-Zimmerman,51231b90-a0c2-4547-a20d-b9e0a4a1c1aa
1,Wilson-Zimmerman,156b0d3b-9d3e-418e-805d-ab01777561e2
1,Wilson-Zimmerman,d9addfab-5f15-425f-afda-517875cd56b8
1,Wilson-Zimmerman,318b31e2-f937-44c8-bc18-4b0f05778847
1,Wilson-Zimmerman,1b8993fa-3f39-4a02-8fda-eb7b9fa3ca3c
1,Wilson-Zimmerman,e0632c9c-6d79-45e2-b42e-299be789941a
1,Wilson-Zimmerman,70c2d11b-1feb-4ded-bf86-25f3adcb318b
1,Wilson-Zimmerman,abc7bb12-6349-42d8-a691-0b5900ba3d37
2,Cohen-Medina,403c9633-53c3-451d-9746-2f72a444011f
2,Cohen-Medina,c1c7916a-dfd3-46f3-a359-73cee345a512
2,Cohen-Medina,7ce84e13-352e-4b69-8487-c6257372230d
2,Cohen-Medina,8d8549e6-1de3-4a44-9b8d-bbb66676b20a
2,Cohen-Medina,5ef6749e-bcdb-4d80-8ebe-cf3ddb5c6b27
2,Cohen-Medina,55feb590-806f-4f0c-b65f-6dadc8db53d1
2,Cohen-Medina,8d241342-beda-457d-b3ec-321dc2896033
2,Cohen-Medina,7c89262f-55ca-4855-8df0-25bb4b14a891
2,Cohen-Medina,76c0e759-81fa-403f-9424-463787683e46
2,Cohen-Medina,2f3ee295-b1a5-4ab9-a8ca-c8f1ceae3367
2,Cohen-Medina,32395c1f-6335-443e-80c0-5d51329dbf13
2,Cohen-Medina,e284ae57-118f-45d3-b120-d855669fa43c
2,Cohen-Medina,715dc017-d2cb-468a-a997-663c0aa0a258
2,Cohen-Medina,afaeb93f-e70b-4051-bee6-3d5004eefe8b
2,Cohen-Medina,6a996419-5fba-499d-a381-729581af81a6
2,Cohen-Medina,ec887dd0-b949-4725-8fa6-4c16ffc3c07f
2,Cohen-Medina,2424b722-b5d8-4d4a-8192-d748c743b872
2,Cohen-Medina,07c39025-480b-4d80-aaac-d4723534f0bb
3,Daniel-Williams,200ecd22-a0f4-4a19-aff4-0e73de6d4ea1
3,Daniel-Williams,c6ad7ddf-aa76-4605-916e-7d004455d654
3,Daniel-Williams,f58d3125-ae8b-4642-b0a5-7e1c6f32c757
3,Daniel-Williams,a7304289-593f-4be0-80ae-4dad734ca048
3,Daniel-Williams,075203c3-1c17-4f41-bab3-a9a663530c44
3,Daniel-Williams,ae13790b-33e0-4063-b943-2e7ee9c675fa
3,Daniel-Williams,3e0723d8-1bde-4104-9810-8d0311574137
3,Daniel-Williams,d9133d77-b311-4cf5-9409-190cf2682864
3,Daniel-Williams,5061e471-dc60-48cd-a5d7-96fc5f368d4e
3,Daniel-Williams,2f93833a-3b4c-4a27-b488-78d5337704b8
3,Daniel-Williams,2ccb04fc-6b3b-4060-9b84-2ee1ad5866b1
3,Daniel-Williams,92397a6f-889f-4260-98a0-47fb58e9dd84
3,Daniel-Williams,87139b81-8ddf-4f44-b5a4-c21f1b9b25cc
3,Daniel-Williams,05870f51-f5ee-4350-8c70-328592ac954b
3,Daniel-Williams,1147a40b-d3d4-483c-9928-c7959c80a826
3,Daniel-Williams,80698d34-4e16-44be-bd26-481b7d50a577
4,"Pratt, Reid and Burton",867bd9b7-c170-4a30-857e-311923aa87b2
4,"Pratt, Reid and Burton",54049c7c-02fd-4b24-bcb7-e45ac30f6159
4,"Pratt, Reid and Burton",cd2a6340-facc-48f5-8141-fb45a28a2c0f
4,"Pratt, Reid and Burton",bed4a8a6-be4d-4e62-a825-8699b7e12fb0
4,"Pratt, Reid and Burton",ba24c16f-fa06-4088-9d0e-28031712e6b4
4,"Pratt, Reid and Burton",01949f22-9409-413f-a2b3-68ee703400ba
4,"Pratt, Reid and Burton",2c01e35c-dc56-493d-ae86-ebe61dbbaff7
4,"Pratt, Reid and Burton",e3580c3c-b8ad-448f-9972-467c77086d09
4,"Pratt, Reid and Burton",080ae66a-d043-4bee-919e-9d579748b2d3
4,"Pratt, Reid and Burton",b10a3fba-07f9-461f-98c9-b1ddb2d08f27
4,"Pratt, Reid and Burton",08de6ab1-28fe-48e1-9dcf-93de72146694
4,"Pratt, Reid and Burton",44563d44-910c-4d01-971b-7e29cf9f2f6d
4,"Pratt, Reid and Burton",c2912950-046a-4726-9981-7ad3b88941dd
4,"Pratt, Reid and Burton",b2f66fe8-7b11-4322-b865-520211501a68
4,"Pratt, Reid and Burton",47a94e66-9f2c-485c-bd75-6b21eae1508c
4,"Pratt, Reid and Burton",ac01aace-017b-4a4d-8809-66164c18ec66
4,"Pratt, Reid and Burton",bbb6ed1b-52ee-41e4-b311-017532417401
4,"Pratt, Reid and Burton",ef07c52f-ca3e-4594-ab4f-fd40b27599cb
4,"Pratt, Reid and Burton",0ba250f9-7ac1-4d04-8b1e-ac845fdfe210
4,"Pratt, Reid and Burton",e125b46f-55ac-4260-a08f-2f3906ec2874
4,"Pratt, Reid and Burton",66392e78-4a26-46e7-a625-ccde2b94013a
4,"Pratt, Reid and Burton",41d520a9-19ef-4596-9208-8f670ba6c223
4,"Pratt, Reid and Burton",7dd62a39-f0e2-460a-a01d-fc1d8829784a
5,Hayes Ltd,b3449bde-e373-4434-bd3c-07b1e3e98385
5,Hayes Ltd,44df83ff-11f8-49d7-a481-3afd78f66d5d
5,Hayes Ltd,45139264-37d2-424e-95e5-7ecebc404180
5,Hayes Ltd,bba3ac60-1970-4f33-800b-fc5f6df08d1f
5,Hayes Ltd,6c4a8488-c7c6-4b22-8e99-3917b2333045
5,Hayes Ltd,7a25eeae-9f54-41f5-a6bb-789e774f56f3
5,Hayes Ltd,b46f09ea-5a3b-4a29-98a8-d187871ac0f6
5,Hayes Ltd,ddd5d50d-9567-4ed1-a6fa-7b3639e9ac02
5,Hayes Ltd,70e3de9b-4782-4b49-a4b3-e0a72edd579e
5,Hayes Ltd,051af076-b60e-4e47-ad47-ba9032b5b199
5,Hayes Ltd,7e32b7fa-3abb-4549-b22b-b1d52748dc1a
5,Hayes Ltd,45599fa6-13f6-420e-be0f-7d8726006811
5,Hayes Ltd,df214e2b-74b4-42c6-ac55-d7d7c4161b8f
5,Hayes Ltd,a8c467f2-d080-4dce-94fa-e63cf062cfd5
5,Hayes Ltd,22f45ca2-c818-4f54-9d11-87192aa90938
5,Hayes Ltd,57c983bf-f0a9-4549-a5c5-e3c9c7c0f673
5,Hayes Ltd,5ecee74a-a9c6-4b0a-b6af-ab7f9b4f0adb
5,Hayes Ltd,09947f81-aea6-48b4-83fb-97ffab90a9fe
5,Hayes Ltd,e735ca7e-7c62-4b24-982b-71de126cedc5
